{"_id":{"$oid":"5e94c2e43fd54bca7a7c06a8"},"day":1,"month":7,"year":2019,"temperature":34.3227179918609,"location":{"$oid":"5e9468658d1b69a448559480"},"__v":0}
{"_id":{"$oid":"5e94c2e43fd54bca7a7c06a9"},"day":2,"month":7,"year":2019,"temperature":28.264104555925403,"location":{"$oid":"5e9468658d1b69a448559480"},"__v":0}
{"_id":{"$oid":"5e94c2e43fd54bca7a7c06aa"},"day":3,"month":7,"year":2019,"temperature":32.43549079367674,"location":{"$oid":"5e9468658d1b69a448559480"},"__v":0}
{"_id":{"$oid":"5e94c2e43fd54bca7a7c06ab"},"day":4,"month":7,"year":2019,"temperature":30.06866000467923,"location":{"$oid":"5e9468658d1b69a448559480"},"__v":0}
{"_id":{"$oid":"5e94c2e43fd54bca7a7c06ac"},"day":5,"month":7,"year":2019,"temperature":39.30851196172725,"location":{"$oid":"5e9468658d1b69a448559480"},"__v":0}
{"_id":{"$oid":"5e94c2e43fd54bca7a7c06ad"},"day":6,"month":7,"year":2019,"temperature":37.36700494987154,"location":{"$oid":"5e9468658d1b69a448559480"},"__v":0}
{"_id":{"$oid":"5e94c2e43fd54bca7a7c06ae"},"day":7,"month":7,"year":2019,"temperature":37.99106296090895,"location":{"$oid":"5e9468658d1b69a448559480"},"__v":0}
{"_id":{"$oid":"5e94c2e43fd54bca7a7c06af"},"day":8,"month":7,"year":2019,"temperature":38.375646920508785,"location":{"$oid":"5e9468658d1b69a448559480"},"__v":0}
{"_id":{"$oid":"5e94c2e43fd54bca7a7c06b0"},"day":9,"month":7,"year":2019,"temperature":28.786983145263683,"location":{"$oid":"5e9468658d1b69a448559480"},"__v":0}
{"_id":{"$oid":"5e94c2e43fd54bca7a7c06b1"},"day":10,"month":7,"year":2019,"temperature":26.386274159696953,"location":{"$oid":"5e9468658d1b69a448559480"},"__v":0}
{"_id":{"$oid":"5e94c2e43fd54bca7a7c06b2"},"day":11,"month":7,"year":2019,"temperature":32.14190217840371,"location":{"$oid":"5e9468658d1b69a448559480"},"__v":0}
{"_id":{"$oid":"5e94c2e43fd54bca7a7c06b3"},"day":12,"month":7,"year":2019,"temperature":31.04667014541598,"location":{"$oid":"5e9468658d1b69a448559480"},"__v":0}
{"_id":{"$oid":"5e94c2e43fd54bca7a7c06b4"},"day":13,"month":7,"year":2019,"temperature":32.72188952025999,"location":{"$oid":"5e9468658d1b69a448559480"},"__v":0}
{"_id":{"$oid":"5e94c2e43fd54bca7a7c06b6"},"day":15,"month":7,"year":2019,"temperature":39.90132450563037,"location":{"$oid":"5e9468658d1b69a448559480"},"__v":0}
{"_id":{"$oid":"5e94c2e43fd54bca7a7c06b7"},"day":16,"month":7,"year":2019,"temperature":27.047423185797825,"location":{"$oid":"5e9468658d1b69a448559480"},"__v":0}
{"_id":{"$oid":"5e94c2e43fd54bca7a7c06b8"},"day":17,"month":7,"year":2019,"temperature":34.51700597165774,"location":{"$oid":"5e9468658d1b69a448559480"},"__v":0}
{"_id":{"$oid":"5e94c2e43fd54bca7a7c06b5"},"day":14,"month":7,"year":2019,"temperature":37.4467787560435,"location":{"$oid":"5e9468658d1b69a448559480"},"__v":0}
{"_id":{"$oid":"5e94c2e43fd54bca7a7c06b9"},"day":18,"month":7,"year":2019,"temperature":34.147103627943736,"location":{"$oid":"5e9468658d1b69a448559480"},"__v":0}
{"_id":{"$oid":"5e94c2e43fd54bca7a7c06ba"},"day":19,"month":7,"year":2019,"temperature":38.729421189955076,"location":{"$oid":"5e9468658d1b69a448559480"},"__v":0}
{"_id":{"$oid":"5e94c2e43fd54bca7a7c06bb"},"day":20,"month":7,"year":2019,"temperature":39.75115278886125,"location":{"$oid":"5e9468658d1b69a448559480"},"__v":0}
{"_id":{"$oid":"5e94c2e43fd54bca7a7c06bc"},"day":21,"month":7,"year":2019,"temperature":27.211236722133183,"location":{"$oid":"5e9468658d1b69a448559480"},"__v":0}
{"_id":{"$oid":"5e94c2e43fd54bca7a7c06bd"},"day":22,"month":7,"year":2019,"temperature":26.43718441234879,"location":{"$oid":"5e9468658d1b69a448559480"},"__v":0}
{"_id":{"$oid":"5e94c2e43fd54bca7a7c06be"},"day":23,"month":7,"year":2019,"temperature":37.78775138094886,"location":{"$oid":"5e9468658d1b69a448559480"},"__v":0}
{"_id":{"$oid":"5e94c2e43fd54bca7a7c06bf"},"day":24,"month":7,"year":2019,"temperature":29.032362446243468,"location":{"$oid":"5e9468658d1b69a448559480"},"__v":0}
{"_id":{"$oid":"5e94c2e43fd54bca7a7c06c0"},"day":25,"month":7,"year":2019,"temperature":26.73633965175902,"location":{"$oid":"5e9468658d1b69a448559480"},"__v":0}
{"_id":{"$oid":"5e94c2e43fd54bca7a7c06c1"},"day":26,"month":7,"year":2019,"temperature":27.71371328602452,"location":{"$oid":"5e9468658d1b69a448559480"},"__v":0}
{"_id":{"$oid":"5e94c2e43fd54bca7a7c06c2"},"day":27,"month":7,"year":2019,"temperature":28.75717303663858,"location":{"$oid":"5e9468658d1b69a448559480"},"__v":0}
{"_id":{"$oid":"5e94c2e43fd54bca7a7c06c3"},"day":28,"month":7,"year":2019,"temperature":25.91556557873957,"location":{"$oid":"5e9468658d1b69a448559480"},"__v":0}
{"_id":{"$oid":"5e94c2e43fd54bca7a7c06c4"},"day":29,"month":7,"year":2019,"temperature":33.88611884851289,"location":{"$oid":"5e9468658d1b69a448559480"},"__v":0}
{"_id":{"$oid":"5e94c2e43fd54bca7a7c06c5"},"day":30,"month":7,"year":2019,"temperature":26.245752963877706,"location":{"$oid":"5e9468658d1b69a448559480"},"__v":0}
{"_id":{"$oid":"5e94c2e43fd54bca7a7c06c6"},"day":31,"month":7,"year":2019,"temperature":29.441017125252415,"location":{"$oid":"5e9468658d1b69a448559480"},"__v":0}
{"_id":{"$oid":"5e94c3b227ba8fdbab22273b"},"day":1,"month":6,"year":2019,"temperature":21.16459045017771,"location":{"$oid":"5e9468658d1b69a448559480"},"__v":0}
{"_id":{"$oid":"5e94c3b227ba8fdbab22273c"},"day":2,"month":6,"year":2019,"temperature":25.301815033143605,"location":{"$oid":"5e9468658d1b69a448559480"},"__v":0}
{"_id":{"$oid":"5e94c3b227ba8fdbab22273d"},"day":3,"month":6,"year":2019,"temperature":20.438640072739137,"location":{"$oid":"5e9468658d1b69a448559480"},"__v":0}
{"_id":{"$oid":"5e94c3b227ba8fdbab22273e"},"day":4,"month":6,"year":2019,"temperature":34.97428232709405,"location":{"$oid":"5e9468658d1b69a448559480"},"__v":0}
{"_id":{"$oid":"5e94c3b227ba8fdbab22273f"},"day":5,"month":6,"year":2019,"temperature":27.47584854763331,"location":{"$oid":"5e9468658d1b69a448559480"},"__v":0}
{"_id":{"$oid":"5e94c3b227ba8fdbab222740"},"day":6,"month":6,"year":2019,"temperature":23.41750930733161,"location":{"$oid":"5e9468658d1b69a448559480"},"__v":0}
{"_id":{"$oid":"5e94c3b227ba8fdbab222741"},"day":7,"month":6,"year":2019,"temperature":22.723716057764378,"location":{"$oid":"5e9468658d1b69a448559480"},"__v":0}
{"_id":{"$oid":"5e94c3b227ba8fdbab222742"},"day":8,"month":6,"year":2019,"temperature":20.649155596496502,"location":{"$oid":"5e9468658d1b69a448559480"},"__v":0}
{"_id":{"$oid":"5e94c3b227ba8fdbab222743"},"day":9,"month":6,"year":2019,"temperature":24.860542655993783,"location":{"$oid":"5e9468658d1b69a448559480"},"__v":0}
{"_id":{"$oid":"5e94c3b227ba8fdbab222744"},"day":10,"month":6,"year":2019,"temperature":33.7241262838932,"location":{"$oid":"5e9468658d1b69a448559480"},"__v":0}
{"_id":{"$oid":"5e94c3b227ba8fdbab222745"},"day":11,"month":6,"year":2019,"temperature":31.80994947392938,"location":{"$oid":"5e9468658d1b69a448559480"},"__v":0}
{"_id":{"$oid":"5e94c3b227ba8fdbab222746"},"day":12,"month":6,"year":2019,"temperature":34.795865783486924,"location":{"$oid":"5e9468658d1b69a448559480"},"__v":0}
{"_id":{"$oid":"5e94c3b227ba8fdbab222747"},"day":13,"month":6,"year":2019,"temperature":28.491932120440495,"location":{"$oid":"5e9468658d1b69a448559480"},"__v":0}
{"_id":{"$oid":"5e94c3b227ba8fdbab222748"},"day":14,"month":6,"year":2019,"temperature":21.431654906091996,"location":{"$oid":"5e9468658d1b69a448559480"},"__v":0}
{"_id":{"$oid":"5e94c3b227ba8fdbab222749"},"day":15,"month":6,"year":2019,"temperature":24.335919181953653,"location":{"$oid":"5e9468658d1b69a448559480"},"__v":0}
{"_id":{"$oid":"5e94c3b227ba8fdbab22274a"},"day":16,"month":6,"year":2019,"temperature":20.38352967545298,"location":{"$oid":"5e9468658d1b69a448559480"},"__v":0}
{"_id":{"$oid":"5e94c3b227ba8fdbab22274b"},"day":17,"month":6,"year":2019,"temperature":34.63805326250025,"location":{"$oid":"5e9468658d1b69a448559480"},"__v":0}
{"_id":{"$oid":"5e94c3b227ba8fdbab22274c"},"day":18,"month":6,"year":2019,"temperature":27.824816369602058,"location":{"$oid":"5e9468658d1b69a448559480"},"__v":0}
{"_id":{"$oid":"5e94c3b227ba8fdbab22274d"},"day":19,"month":6,